 ,Supplier_Lead_Time,Inventory_Levels,Order_Frequency,Delivery_Performance,Cost_Per_Unit
Supplier_Lead_Time,1.000000000000000000e+00,2.538839857077531681e-01,-9.150087056582283385e-01,-9.070601477049062833e-01,9.627019303221752144e-01
Inventory_Levels,2.538839857077531681e-01,1.000000000000000000e+00,-2.859314753826347477e-01,-1.552429438898712821e-01,2.287154888616560466e-01
Order_Frequency,-9.150087056582283385e-01,-2.859314753826347477e-01,1.000000000000000000e+00,7.972486134899982035e-01,-8.639745430767795664e-01
Delivery_Performance,-9.070601477049062833e-01,-1.552429438898712821e-01,7.972486134899982035e-01,1.000000000000000000e+00,-9.228624386623637266e-01
Cost_Per_Unit,9.627019303221752144e-01,2.287154888616560466e-01,-8.639745430767795664e-01,-9.228624386623637266e-01,1.000000000000000000e+00
